{
	"core:shipwreck" : {
		"types" : {

			"shipwreck" : {
				"levels": [
					{
						"chance": 25,
						"guards": [
							{ "amount": 12, "type": "tbirdvulgaris" },
							{ "amount": 8, "type": "abyssSandCrab" },
							{ "amount": 10, "type": "tbirdvulgaris" },
							{ "amount": 8, "type": "abyssSandCrab" },
							{ "amount": 12, "type": "tbirdvulgaris" }
						],
						"combat_value": 31,
						"reward" : {
							"value": 2000,
							"resources":
							{
								"gold" : 2000
							}
						}
					},
					{
						"chance": 25,
						"guards": [
							{ "amount": 10, "type": "abyssSandCrab" },
							{ "amount": 12, "type": "tbirdvulgaris" },
							{ "amount": 8, "type": "abyssAbyssalCrab" },
							{ "amount": 10, "type": "tbirdelectric" },
							{ "amount": 10, "type": "abyssSandCrab" }
						],
						"combat_value": 46,
						"reward" : {
							"value": 3000,
							"resources":
							{
								"gold" : 2000
							}
						}
					},
					{
						"chance": 25,
						"guards": [
							{ "amount": 12, "type": "abyssSandCrab" },
							{ "amount": 15, "type": "tbirdelectric" },
							{ "amount": 6, "type": "abyssSeahorse" },
							{ "amount": 15, "type": "tbirdelectric" },
							{ "amount": 12, "type": "abyssAbyssalCrab" }
						],
						"combat_value": 77,
						"reward" : {
							"value": 5000,
							"resources":
							{
								"gold" : 2500
							},
							"artifacts": [ { "class" : "TREASURE" } ]
						}
					},
					{
						"chance": 10,
						"guards": [
							{ "amount": 10, "type": "abyssSeahorse" },
							{ "amount": 15, "type": "abyssAbyssalCrab" },
							{ "amount": 10, "type": "darkOne" },
							{ "amount": 15, "type": "abyssAbyssalCrab" },
							{ "amount": 10, "type": "abyssHyppocamph" }
						],
						"combat_value": 154,
						"reward" : {
							"value": 7000,
							"resources":
							{
								"gold" : 3000
							},
							"artifacts": [ { "class" : "MINOR" } ]
						}
					},
					{
						"chance": 10,
						"guards": [
							{ "amount": 10, "type": "abyssSeahorse" },
							{ "amount": 10, "type": "darkOne" },
							{ "amount": 10, "type": "abyssHyppocamph" },
							{ "amount": 10, "type": "darkOne" },
							{ "amount": 10, "type": "abyssSeahorse" }
						],
						"combat_value": 182,
						"reward" : {
							"value": 8000,
							"resources":
							{
								"gold" : 4000
							},
							"creatures": [ { "amount": 7, "type": "deepOne" } ]
						}
					},
					{
						"chance": 5,
						"guards": [
							{ "amount": 10, "type": "darkOne" },
							{ "amount": 10, "type": "abyssHyppocamph" },
							{ "amount": 10, "type": "deepOne" },
							{ "amount": 10, "type": "abyssHyppocamph" },
							{ "amount": 10, "type": "darkOne" }
						],
						"combat_value": 205,
						"reward" : {
							"value": 9000,
							"resources":
							{
								"gold" : 4000
							},
							"creatures": [ { "amount": 7, "type": "goldenHyppocamph" } ]
						}
					}
				]
			}
		}
	},

	"core:derelictShip" : {
		"index" :24,
		"handler": "bank",
		"types" : {
			"derelictShip" : {
				"index" : 0,
				"resetDuration" : 0,
				"name" : "Derelict Ship",
				"rmg" : {
					"value"		: 4000,
					"rarity"	: 20
				},
				"levels": [
					{
						"chance": 25,
						"guards": [
							{ "amount": 7, "type": "darkOne" },
							{ "amount": 5, "type": "abyssDeepwaterJellyfish" },
							{ "amount": 7, "type": "abyssSeahorse" },
							{ "amount": 5, "type": "abyssDeepwaterJellyfish" },
							{ "amount": 7, "type": "darkOne" }
						],
						"combat_value": 138,
						"reward" : {
							"value": 3000,
							"resources":
							{
								"gold" : 2500
							}
						}
					},
					{
						"chance": 25,
						"guards": [
							{ "amount": 10, "type": "deepOne" },
							{ "amount": 7, "type": "abyssDeepwaterJellyfish" },
							{ "amount": 10, "type": "abyssSeahorse" },
							{ "amount": 7, "type": "abyssDeepwaterJellyfish" },
							{ "amount": 10, "type": "deepOne" }
						],
						"combat_value": 207,
						"reward" : {
							"value": 4000,
							"resources":
							{
								"gold" : 2500
							},
							"artifacts": [ { "class" : "TREASURE" } ]
						}
					},
					{
						"chance": 25,
						"guards": [
							{ "amount": 13, "type": "abyssSeahorse" },
							{ "amount": 7, "type": "abyssAbyssalJellyfish" },
							{ "amount": 13, "type": "deepOne" },
							{ "amount": 7, "type": "abyssAbyssalJellyfish" },
							{ "amount": 13, "type": "abyssHyppocamph" }
						],
						"combat_value": 276,
						"reward" : {
							"value": 5000,
							"resources":
							{
								"gold" : 3500
							},
							"artifacts": [ { "class" : "TREASURE" } ],
							"spells" : [ { "level" : 2 } ]
						}
					},
					{
						"chance": 15,
						"guards": [
							{ "amount": 13, "type": "abyssHyppocamph" },
							{ "amount": 12, "type": "iceElemental" },
							{ "amount": 10, "type": "goldenHyppocamph" },
							{ "amount": 12, "type": "iceElemental" },
							{ "amount": 13, "type": "abyssHyppocamph" }
						],
						"combat_value": 414,
						"reward" : {
							"value": 8000,
							"resources":
							{
								"gold" : 4500
							},
							"artifacts": [ { "class" : "MINOR" } ],
							"spells" : [ { "level" : 2 } ]
						}
					},
					{
					"chance": 10,
						"guards": [
							{ "amount": 16, "type": "goldenHyppocamph" },
							{ "amount": 12, "type": "iceElemental" },
							{ "amount": 8, "type": "abyssGiantOctopus" },
							{ "amount": 12, "type": "iceElemental" },
							{ "amount": 16, "type": "goldenHyppocamph" }
						],
						"combat_value": 482,
						"reward" : {
							"value": 9000,
							"resources":
							{
								"gold" : 6000
							},
							"artifacts": [ { "class" : "MINOR" }, { "class" : "TREASURE" } ],
							"spells" : [ { "level" : 3 } ]
						}
					}
				]
			}
		}
	}	
}
